{
    "mean_accuracy": 0.9816666666666667,
    "std_accuracy": 0.020794408080236557,
    "min_accuracy": 0.9333333333333333,
    "max_accuracy": 1.0,
    "median_accuracy": 0.9833333333333333,
    "all_accuracies": [
        0.9833333333333333,
        0.9833333333333333,
        1.0,
        0.9333333333333333,
        1.0,
        1.0,
        0.9833333333333333,
        1.0,
        0.95,
        0.95,
        1.0,
        1.0,
        0.9666666666666667,
        0.9666666666666667,
        1.0,
        0.9833333333333333,
        0.9833333333333333,
        1.0,
        1.0,
        0.95,
        1.0,
        0.9833333333333333,
        0.9666666666666667,
        0.9833333333333333,
        0.9833333333333333,
        1.0,
        1.0,
        1.0,
        0.9333333333333333,
        0.9666666666666667
    ],
    "per_class_f1": {
        "BF": 1.0,
        "GF": 0.967741935483871,
        "N": 0.9655172413793104,
        "TF": 1.0
    },
    "confusion_matrix": [
        [
            15,
            0,
            0,
            0
        ],
        [
            0,
            15,
            0,
            0
        ],
        [
            0,
            1,
            14,
            0
        ],
        [
            0,
            0,
            0,
            15
        ]
    ]
}